Build,Race,Class,DPS,ItemCount,MeanItemLevel,EstimatedBudgetUnits,AssumedCapacityPoints,MeleeHitPercent,SpellHitPercent,WorstHitShortfallPercent,Strength,Agility,Intellect,Spirit,Stamina,AttackPower,RangedAttackPower,SpellPower,SpellDamage,HealingPower,CritRating,HitRating,MP5
balance,Tauren,Druid,708.13,17,65,16.6,539.6,16.4,16.4,0,0,0,213,0,221,0,0,356,0,0,144,104,0
balance,Windshaper,Druid,711.57,17,65,16.6,539.6,16.2,16.2,0,0,0,202,0,221,0,0,351,0,0,148,112,0
balance,Night Elf,Druid,711.19,17,65,16.6,539.6,16.2,16.2,0,0,0,202,0,221,0,0,351,0,0,148,112,0
balance,High Order,Druid,711.57,17,65,16.6,539.6,16.2,16.2,0,0,0,202,0,221,0,0,351,0,0,148,112,0
feral,Tauren,Druid,720.25,16,65,15.598,539.51,24.0,24.0,0,121,205,0,0,229,26,0,0,0,0,203,190,0
feral,Windshaper,Druid,726.06,16,65,15.598,539.51,23.0,23.0,0,121,205,0,0,229,26,0,0,0,0,203,190,0
feral,Night Elf,Druid,727.76,16,65,15.598,539.51,23.0,23.0,0,121,205,0,0,229,26,0,0,0,0,203,190,0
feral,High Order,Druid,726.06,16,65,15.598,539.51,23.0,23.0,0,121,205,0,0,229,26,0,0,0,0,203,190,0
elemental,Orc,Shaman,494.93,17,65,16.6,539.6,16.4,16.4,0,0,0,213,0,221,0,0,356,0,0,144,104,0
elemental,Tauren,Shaman,489.88,17,65,16.6,539.6,17.4,17.4,0,0,0,213,0,221,0,0,356,0,0,144,104,0
elemental,Troll,Shaman,490.83,17,65,16.6,539.6,16.4,16.4,0,0,0,213,0,221,0,0,356,0,0,144,104,0
elemental,Windshaper,Shaman,490.22,17,65,16.6,539.6,16.4,16.4,0,0,0,213,0,221,0,0,356,0,0,144,104,0
elemental,Dwarf,Shaman,491.39,16,65,15.6,539.6,16.4,16.4,0,15,0,213,0,220,0,0,350,0,0,144,104,0
stormcaller,Orc,Shaman,457.18,17,65,16.6,539.6,16.4,16.4,0,0,0,116,0,221,0,0,299,0,0,186,154,0
stormcaller,Tauren,Shaman,460.53,17,65,16.6,539.6,16.1,16.1,0,0,0,129,0,221,0,0,303,0,0,182,141,0
stormcaller,Troll,Shaman,453.12,17,65,16.6,539.6,16.4,16.4,0,0,0,116,0,221,0,0,299,0,0,186,154,0
stormcaller,Windshaper,Shaman,453.21,17,65,16.6,539.6,16.4,16.4,0,0,0,116,0,221,0,0,299,0,0,186,154,0
stormcaller,Dwarf,Shaman,454.65,16,65,15.6,539.6,16.4,16.4,0,15,0,116,0,220,0,0,293,0,0,186,154,0
enhancement,Orc,Shaman,813.49,16,65,15.6,539.594,15.6,15.6,0.4,149,4,145,0,243,26,0,89,0,0,182,156,0
enhancement,Tauren,Shaman,807.69,16,65,15.6,539.594,15.0,15.0,1.0,136,4,174,0,233,26,0,121,0,0,168,140,0
enhancement,Troll,Shaman,812.46,16,65,15.6,539.594,16.4,16.4,0,169,4,172,0,242,26,0,53,0,0,168,164,6
enhancement,Windshaper,Shaman,809.76,16,65,15.6,539.594,14.6,14.6,1.4,133,4,170,0,232,26,0,128,0,0,168,146,0
enhancement,Dwarf,Shaman,816.96,16,65,15.6,539.594,16.7,16.7,0,159,14,168,0,238,26,0,84,0,0,164,167,0
beast_mastery,Orc,Hunter,904.2,17,65,16.6,532.594,23.4,23.4,0,0,213,0,0,197,80,0,0,0,0,241,234,0
beast_mastery,Tauren,Hunter,894.86,17,65,16.6,532.594,24.4,24.4,0,0,213,0,0,197,80,0,0,0,0,241,234,0
beast_mastery,Troll,Hunter,901.35,17,65,16.6,532.594,23.4,23.4,0,0,213,0,0,197,80,0,0,0,0,241,234,0
beast_mastery,Windshaper,Hunter,903.57,17,65,16.6,532.594,23.4,23.4,0,0,213,0,0,197,80,0,0,0,0,241,234,0
beast_mastery,Human,Hunter,906.46,17,65,16.6,532.594,23.4,23.4,0,0,213,0,0,197,80,0,0,0,0,241,234,0
beast_mastery,Dwarf,Hunter,896.41,17,65,16.6,532.594,23.4,23.4,0,0,213,0,0,197,80,0,0,0,0,241,234,0
beast_mastery,Night Elf,Hunter,907.9,17,65,16.6,532.594,23.4,23.4,0,0,213,0,0,197,80,0,0,0,0,241,234,0
beast_mastery,High Order,Hunter,903.57,17,65,16.6,532.594,23.4,23.4,0,0,213,0,0,197,80,0,0,0,0,241,234,0
marksmanship,Orc,Hunter,777.28,17,65,16.6,532.594,21.3,21.3,0,0,185,31,0,197,80,0,39,0,0,232,203,0
marksmanship,Tauren,Hunter,763.1,17,65,16.6,532.594,21.8,21.8,0,0,181,36,0,197,80,0,44,0,0,231,198,0
marksmanship,Troll,Hunter,784.82,17,65,16.6,532.594,21.3,21.3,0,0,185,31,0,197,80,0,39,0,0,232,203,0
marksmanship,Windshaper,Hunter,783.86,17,65,16.6,532.594,20.8,20.8,0,0,181,36,0,197,80,0,44,0,0,231,198,0
marksmanship,Human,Hunter,780.87,17,65,16.6,532.594,19,19,0,0,164,54,0,197,80,0,68,0,0,225,180,0
marksmanship,Dwarf,Hunter,763.98,17,65,16.6,532.594,19,19,0,0,164,54,0,197,80,0,68,0,0,225,180,0
marksmanship,Night Elf,Hunter,775.4,17,65,16.6,532.594,21.3,21.3,0,0,185,31,0,197,80,0,39,0,0,232,203,0
marksmanship,High Order,Hunter,783.86,17,65,16.6,532.594,20.8,20.8,0,0,181,36,0,197,80,0,44,0,0,231,198,0
survival,Orc,Hunter,899.47,17,65,16.6,532.594,26.4,26.4,0,0,213,0,0,197,80,0,0,0,0,241,234,0
survival,Tauren,Hunter,886.94,17,65,16.6,532.594,27.4,27.4,0,0,213,0,0,197,80,0,0,0,0,241,234,0
survival,Troll,Hunter,888.45,17,65,16.6,532.594,26.4,26.4,0,0,213,0,0,197,80,0,0,0,0,241,234,0
survival,Windshaper,Hunter,889.81,17,65,16.6,532.594,26.4,26.4,0,0,213,0,0,197,80,0,0,0,0,241,234,0
survival,Human,Hunter,900.54,17,65,16.6,532.594,26.4,26.4,0,0,213,0,0,197,80,0,0,0,0,241,234,0
survival,Dwarf,Hunter,883.81,17,65,16.6,532.594,26.4,26.4,0,0,213,0,0,197,80,0,0,0,0,241,234,0
survival,Night Elf,Hunter,895.41,17,65,16.6,532.594,26.4,26.4,0,0,213,0,0,197,80,0,0,0,0,241,234,0
survival,High Order,Hunter,889.81,17,65,16.6,532.594,26.4,26.4,0,0,213,0,0,197,80,0,0,0,0,241,234,0
arcane,Orc,Mage,724.6,17,65,16.6,539.6,14.3,14.3,0,0,0,164,0,210,0,0,320,0,0,179,133,0
arcane,Troll,Mage,724.81,17,65,16.6,539.6,11.4,11.4,0,0,0,185,0,210,0,0,321,0,0,175,104,0
arcane,Undead,Mage,742.35,17,65,16.6,539.6,12.5,12.5,0,0,0,180,0,210,0,0,323,0,0,175,115,0
arcane,Human,Mage,729.05,17,65,16.6,539.6,14.3,14.3,0,0,0,157,0,204,24,0,320,0,0,178,133,0
arcane,Gnome,Mage,734.78,17,65,16.6,539.598,11,11,0,0,0,201,0,210,0,0,334,0,0,167,100,0
arcane,High Order,Mage,730.12,17,65,16.6,539.6,12.1,12.1,0,0,0,189,0,210,0,0,329,0,0,171,111,0
fire,Orc,Mage,728.42,17,65,16.6,539.6,14.1,14.1,0,0,0,146,0,210,0,0,198,0,0,205,131,0
fire,Troll,Mage,723.3,17,65,16.6,539.6,14.1,14.1,0,0,0,145,0,210,0,0,215,0,0,203,131,0
fire,Undead,Mage,741.38,17,65,16.6,539.6,14.1,14.1,0,0,0,146,0,210,0,0,220,0,0,202,131,0
fire,Human,Mage,738.86,17,65,16.6,539.6,14.1,14.1,0,0,0,138,0,204,24,0,215,0,0,202,131,0
fire,Gnome,Mage,730.48,17,65,16.6,539.6,14.0,14.0,0,0,0,151,0,210,0,0,238,0,0,197,130,0
fire,High Order,Mage,713.62,17,65,16.6,539.6,13,13,0,0,0,156,0,210,0,0,224,0,0,199,120,0
frost,Orc,Mage,681.64,17,65,16.6,539.6,13,13,0,0,0,177,0,210,0,0,324,0,0,175,120,0
frost,Troll,Mage,679.25,17,65,16.6,539.6,11.8,11.8,0,0,0,174,0,210,0,0,314,0,0,180,108,0
frost,Undead,Mage,682.54,17,65,16.6,539.6,13.1,13.1,0,0,0,161,0,210,0,0,310,0,0,184,121,0
frost,Human,Mage,686.12,17,65,16.6,539.6,12.2,12.2,0,0,0,174,0,204,24,0,323,0,0,174,112,0
frost,Gnome,Mage,690.62,17,65,16.6,539.6,11.1,11.1,0,0,0,207,0,210,0,0,340,0,0,163,101,0
frost,High Order,Mage,681.0,17,65,16.6,539.6,11.8,11.8,0,0,0,174,0,210,0,0,314,0,0,180,108,0
retribution,Undead,Paladin,1057.98,16,65,15.6,539.594,16.4,16.4,0,146,4,114,0,220,26,0,138,0,0,186,144,0
retribution,Human,Paladin,1051.14,16,65,15.6,539.594,16.4,16.4,0,154,4,90,0,229,26,0,114,0,0,200,144,0
retribution,Dwarf,Paladin,1052.92,16,65,15.6,539.594,16.4,16.4,0,146,4,114,0,220,26,0,138,0,0,186,144,0
shadow,Troll,Priest,826.09,17,65,16.6,539.6,11.6,11.6,0,0,8,131,0,214,0,0,125,0,0,231,106,0
shadow,Undead,Priest,832.75,17,65,16.6,539.6,11.6,11.6,0,0,8,131,0,214,0,0,125,0,0,231,106,0
shadow,Human,Priest,825.07,17,65,16.6,539.6,11.6,11.6,0,0,8,131,0,214,0,0,125,0,0,231,106,0
shadow,Dwarf,Priest,831.3,17,65,16.6,539.6,11.6,11.6,0,0,8,131,0,214,0,0,125,0,0,231,106,0
shadow,Night Elf,Priest,831.12,17,65,16.6,539.6,11.6,11.6,0,0,8,131,0,214,0,0,125,0,0,231,106,0
shadow,Gnome,Priest,828.17,17,65,16.6,539.6,11.6,11.6,0,0,8,131,0,214,0,0,125,0,0,231,106,0
smite,Troll,Priest,444.05,17,65,16.6,539.6,8.6,8.6,0,0,0,224,0,213,0,0,356,0,0,144,86,0
smite,Undead,Priest,463.94,17,65,16.6,539.6,9.8,9.8,0,0,0,218,0,213,0,0,358,0,0,144,98,0
smite,Human,Priest,446.65,17,65,16.6,539.6,8.2,8.2,0,0,0,226,0,213,0,0,355,0,0,144,82,0
smite,Dwarf,Priest,443.73,17,65,16.6,539.598,8.0,8.0,0,0,0,227,0,213,0,0,355,0,0,144,80,0
smite,Night Elf,Priest,445.03,17,65,16.6,539.6,9.8,9.8,0,0,0,218,0,213,0,0,358,0,0,144,98,0
smite,Gnome,Priest,455.24,17,65,16.6,539.6,9.8,9.8,0,0,0,218,0,213,0,0,358,0,0,144,98,0
combat,Orc,Rogue,714.26,17,65,16.6,532.594,27.4,27.4,0,0,213,0,0,197,80,0,0,0,0,241,234,0
combat,Troll,Rogue,705.79,17,65,16.6,532.594,27.4,27.4,0,0,213,0,0,197,80,0,0,0,0,241,234,0
combat,Undead,Rogue,728.93,17,65,16.6,532.594,27.4,27.4,0,0,213,0,0,197,80,0,0,0,0,241,234,0
combat,Windshaper,Rogue,708.46,17,65,16.6,532.594,27.4,27.4,0,0,213,0,0,197,80,0,0,0,0,241,234,0
combat,Human,Rogue,712.06,17,65,16.6,532.594,28.5,28.5,0,0,221,0,0,207,56,0,0,0,0,227,245,0
combat,Dwarf,Rogue,708.0,17,65,16.6,532.594,28.5,28.5,0,0,221,0,0,207,56,0,0,0,0,227,245,0
combat,Night Elf,Rogue,708.18,17,65,16.6,532.594,27.4,27.4,0,0,213,0,0,197,80,0,0,0,0,241,234,0
combat,Gnome,Rogue,706.21,17,65,16.6,532.594,26.7,26.7,0,16,211,0,0,197,80,0,0,0,0,237,227,0
combat,High Order,Rogue,708.46,17,65,16.6,532.594,27.4,27.4,0,0,213,0,0,197,80,0,0,0,0,241,234,0
mutilate,Orc,Rogue,698.68,17,65,16.6,532.594,27.4,27.4,0,0,213,14,0,209,32,0,0,0,0,243,234,0
mutilate,Troll,Rogue,695.12,17,65,16.6,532.594,27.4,27.4,0,0,213,14,0,209,32,0,0,0,0,243,234,0
mutilate,Undead,Rogue,727.84,17,65,16.6,532.594,27.4,27.4,0,0,213,14,0,209,32,0,0,0,0,243,234,0
mutilate,Windshaper,Rogue,701.43,17,65,16.6,532.594,27.4,27.4,0,0,213,14,0,209,32,0,0,0,0,243,234,0
mutilate,Human,Rogue,692.88,17,65,16.6,532.594,26.7,26.7,0,16,211,14,0,209,32,0,0,0,0,239,227,0
mutilate,Dwarf,Rogue,693.07,17,65,16.6,532.594,27.4,27.4,0,0,213,14,0,209,32,0,0,0,0,243,234,0
mutilate,Night Elf,Rogue,701.56,17,65,16.6,532.594,27.4,27.4,0,0,213,14,0,209,32,0,0,0,0,243,234,0
mutilate,Gnome,Rogue,697.96,17,65,16.6,532.594,27.4,27.4,0,0,213,14,0,209,32,0,0,0,0,243,234,0
mutilate,High Order,Rogue,701.43,17,65,16.6,532.594,27.4,27.4,0,0,213,14,0,209,32,0,0,0,0,243,234,0
subtlety,Orc,Rogue,652.66,17,65,16.6,532.594,24.4,24.4,0,0,213,7,0,203,56,0,0,0,0,242,234,0
subtlety,Troll,Rogue,652.63,17,65,16.599,532.552,23.6,23.6,0,17,211,7,0,203,56,0,0,0,0,238,226,0
subtlety,Undead,Rogue,676.15,17,65,16.6,532.594,24.4,24.4,0,0,213,7,0,203,56,0,0,0,0,242,234,0
subtlety,Windshaper,Rogue,655.26,17,65,16.6,532.594,24.4,24.4,0,0,213,7,0,203,56,0,0,0,0,242,234,0
subtlety,Human,Rogue,657.39,17,65,16.6,532.594,23.7,23.7,0,16,211,7,0,203,56,0,0,0,0,238,227,0
subtlety,Dwarf,Rogue,647.55,17,65,16.6,532.594,24.4,24.4,0,0,213,7,0,203,56,0,0,0,0,242,234,0
subtlety,Night Elf,Rogue,655.77,17,65,16.6,532.594,24.4,24.4,0,0,213,7,0,203,56,0,0,0,0,242,234,0
subtlety,Gnome,Rogue,654.81,17,65,16.6,532.594,23.7,23.7,0,16,211,7,0,203,56,0,0,0,0,238,227,0
subtlety,High Order,Rogue,655.26,17,65,16.6,532.594,24.4,24.4,0,0,213,7,0,203,56,0,0,0,0,242,234,0
demonology,Orc,Warlock,915.99,17,65,16.6,539.6,16,16,0,0,0,144,0,210,0,0,308,0,0,188,140,0
demonology,Troll,Warlock,906.23,17,65,16.6,539.6,16.1,16.1,0,0,0,140,0,213,0,0,314,0,0,177,141,0
demonology,Undead,Warlock,929.77,17,65,16.6,539.6,16.2,16.2,0,0,0,153,0,210,0,0,316,0,0,183,142,0
demonology,Human,Warlock,923.36,17,65,16.6,539.6,16.1,16.1,0,0,0,139,0,204,24,0,310,0,0,186,141,0
demonology,Gnome,Warlock,911.47,17,65,16.6,539.6,16.3,16.3,0,0,0,139,0,213,0,0,314,0,0,177,143,0
affliction,Orc,Warlock,826.24,17,65,16.6,539.598,16,16,0,0,0,191,0,210,0,0,310,0,0,177,100,0
affliction,Troll,Warlock,815.94,17,65,16.6,539.604,16.6,16.6,0,0,0,165,0,210,0,0,239,0,0,205,106,0
affliction,Undead,Warlock,827.2,17,65,16.6,539.598,16.1,16.1,0,0,0,169,0,210,0,0,243,0,0,203,101,0
affliction,Human,Warlock,835.48,17,65,16.6,539.6,16.1,16.1,0,0,0,178,0,204,24,0,281,0,0,186,101,0
affliction,Gnome,Warlock,815.16,17,65,16.6,539.6,16.1,16.1,0,0,0,176,0,210,0,0,291,0,0,186,101,0
ds_ruin,Orc,Warlock,790.56,17,65,16.6,539.6,16.2,16.2,0,0,0,181,0,210,0,0,292,0,0,185,102,0
ds_ruin,Troll,Warlock,779.67,17,65,16.6,539.6,16.4,16.4,0,0,0,175,0,213,0,0,320,0,0,168,104,0
ds_ruin,Undead,Warlock,802.26,17,65,16.6,539.6,16.3,16.3,0,0,0,189,0,210,0,0,310,0,0,177,103,0
ds_ruin,Human,Warlock,805.44,17,65,16.6,539.6,16.2,16.2,0,0,0,192,0,204,24,0,334,0,0,166,102,0
ds_ruin,Gnome,Warlock,789.59,17,65,16.6,539.6,16.1,16.1,0,0,0,193,0,210,0,0,327,0,0,171,101,0
destruction,Orc,Warlock,812.92,17,65,16.6,539.598,16.1,16.1,0,0,0,201,0,213,0,0,344,0,0,153,101,0
destruction,Troll,Warlock,816.68,17,65,16.6,539.6,16.4,16.4,0,0,0,215,0,213,0,0,359,0,0,144,104,0
destruction,Undead,Warlock,819.82,17,65,16.6,539.598,16,16,0,0,0,198,0,210,0,0,332,0,0,168,100,0
destruction,Human,Warlock,819.87,17,65,16.6,539.6,16.2,16.2,0,0,0,197,0,204,24,0,339,0,0,163,102,0
destruction,Gnome,Warlock,806.3,17,65,16.6,539.6,16.2,16.2,0,0,0,193,0,210,0,0,327,0,0,171,102,0
fury,Orc,Warrior,952.09,17,65,16.6,532.594,18.8,18.8,0,238,64,0,0,197,80,0,0,0,0,216,188,0
fury_sunder,Orc,Warrior,924.22,17,65,16.6,532.594,18.5,18.5,0,239,68,0,0,197,80,0,0,0,0,215,185,0
fury,Tauren,Warrior,947.62,17,65,16.6,532.594,17.5,17.5,0,249,96,0,0,197,80,0,0,0,0,205,165,0
fury_sunder,Tauren,Warrior,916.68,17,65,16.6,532.594,18.5,18.5,0,244,82,0,0,197,80,0,0,0,0,210,175,0
fury,Troll,Warrior,938.7,17,65,16.6,532.594,18.8,18.8,0,237,64,0,0,197,80,0,0,0,0,217,188,0
fury_sunder,Troll,Warrior,913.98,17,65,16.6,532.594,18.8,18.8,0,238,64,0,0,197,80,0,0,0,0,216,188,0
fury,Undead,Warrior,958.24,17,65,16.6,532.594,18.5,18.5,0,239,68,0,0,197,80,0,0,0,0,215,185,0
fury_sunder,Undead,Warrior,924.3,17,65,16.6,532.594,20.8,20.8,0,227,36,0,0,197,80,0,0,0,0,227,208,0
fury,Windshaper,Warrior,944.76,17,65,16.6,532.594,18.5,18.5,0,239,68,0,0,197,80,0,0,0,0,215,185,0
fury_sunder,Windshaper,Warrior,915.8,17,65,16.6,532.594,19.1,19.1,0,236,60,0,0,197,80,0,0,0,0,218,191,0
fury,Human,Warrior,955.12,17,65,16.6,532.594,18.5,18.5,0,239,68,0,0,197,80,0,0,0,0,215,185,0
fury_sunder,Human,Warrior,932.85,17,65,16.6,532.594,18.1,18.1,0,241,74,0,0,197,80,0,0,0,0,213,181,0
fury,Dwarf,Warrior,946.6,17,65,16.6,532.594,17.6,17.6,0,249,104,0,0,207,56,0,0,0,0,191,176,0
fury_sunder,Dwarf,Warrior,903.11,17,65,16.6,532.594,20.6,20.6,0,234,62,0,0,207,56,0,0,0,0,206,206,0
fury,Night Elf,Warrior,943.11,17,65,16.6,532.594,17.8,17.8,0,243,78,0,0,197,80,0,0,0,0,211,178,0
fury_sunder,Night Elf,Warrior,915.83,17,65,16.6,532.594,18.5,18.5,0,239,68,0,0,197,80,0,0,0,0,215,185,0
fury,Gnome,Warrior,938.93,17,65,16.6,532.594,18.5,18.5,0,239,68,0,0,197,80,0,0,0,0,215,185,0
fury_sunder,Gnome,Warrior,911.7,17,65,16.6,532.594,18.5,18.5,0,239,68,0,0,197,80,0,0,0,0,215,185,0
fury,High Order,Warrior,944.76,17,65,16.6,532.594,18.5,18.5,0,239,68,0,0,197,80,0,0,0,0,215,185,0
fury_sunder,High Order,Warrior,915.8,17,65,16.6,532.594,19.1,19.1,0,236,60,0,0,197,80,0,0,0,0,218,191,0
arms,Orc,Warrior,834.84,16,65,15.598,539.51,10.4,10.4,0,305,182,0,0,227,32,0,0,0,0,158,104,0
arms,Tauren,Warrior,828.14,16,65,15.598,539.51,11.4,11.4,0,305,182,0,0,227,32,0,0,0,0,158,104,0
arms,Troll,Warrior,828.21,16,65,15.598,539.51,10.4,10.4,0,305,182,0,0,227,32,0,0,0,0,158,104,0
arms,Undead,Warrior,836.67,16,65,15.598,539.51,10.4,10.4,0,305,182,0,0,227,32,0,0,0,0,158,104,0
arms,Windshaper,Warrior,831.84,16,65,15.598,539.51,10.4,10.4,0,305,182,0,0,227,32,0,0,0,0,158,104,0
arms,Human,Warrior,840.57,16,65,15.598,539.51,10.4,10.4,0,305,182,0,0,227,32,0,0,0,0,158,104,0
arms,Dwarf,Warrior,826.9,16,65,15.598,539.51,10.4,10.4,0,305,182,0,0,227,32,0,0,0,0,158,104,0
arms,Night Elf,Warrior,836.5,16,65,15.598,539.51,10.4,10.4,0,305,182,0,0,227,32,0,0,0,0,158,104,0
arms,Gnome,Warrior,827.79,16,65,15.598,539.51,10.4,10.4,0,305,182,0,0,227,32,0,0,0,0,158,104,0
arms,High Order,Warrior,831.84,16,65,15.598,539.51,10.4,10.4,0,305,182,0,0,227,32,0,0,0,0,158,104,0
pet_melee,Tauren,Hunter,898.19,17,65,16.6,532.594,27.4,27.4,0,74,139,0,0,197,80,0,0,0,0,241,234,0
pet_melee,Windshaper,Hunter,906.34,17,65,16.6,532.594,26.4,26.4,0,48,165,0,0,197,80,0,0,0,0,241,234,0
pet_melee,Orc,Hunter,911.89,17,65,16.599,532.552,25.6,25.6,0,78,150,0,0,197,80,0,0,0,0,237,226,0
pet_melee,Human,Hunter,913.2,17,65,16.599,532.552,25.6,25.6,0,78,150,0,0,197,80,0,0,0,0,237,226,0
pet_melee,Night Elf,Hunter,907.39,17,65,16.6,532.594,25.7,25.7,0,78,149,0,0,197,80,0,0,0,0,237,227,0
pet_melee,Dwarf,Hunter,897.1,17,65,16.6,532.594,26.4,26.4,0,61,152,0,0,197,80,0,0,0,0,241,234,0
pet_melee,Troll,Hunter,902.15,17,65,16.6,532.594,26.4,26.4,0,61,152,0,0,197,80,0,0,0,0,241,234,0
pet_melee,High Order,Hunter,906.34,17,65,16.6,532.594,26.4,26.4,0,48,165,0,0,197,80,0,0,0,0,241,234,0
arcane_frost,Orc,Mage,726.73,17,65,16.6,539.6,13.7,13.7,0,0,0,180,0,210,0,0,332,0,0,171,127,0
arcane_frost,Troll,Mage,724.77,17,65,16.6,539.6,14.2,14.2,0,0,0,172,0,210,0,0,327,0,0,175,132,0
arcane_frost,Undead,Mage,739.69,17,65,16.6,539.6,13.1,13.1,0,0,0,183,0,210,0,0,331,0,0,171,121,0
arcane_frost,Human,Mage,737.07,17,65,16.6,539.598,11.6,11.6,0,0,0,197,0,204,24,0,341,0,0,162,106,0
arcane_frost,Gnome,Mage,732.75,17,65,16.6,539.598,11.5,11.5,0,0,0,205,0,210,0,0,341,0,0,163,105,0
arcane_frost,High Order,Mage,733.12,17,65,16.6,539.6,11.5,11.5,0,0,0,205,0,210,0,0,341,0,0,163,105,0
fury_2h,Orc,Warrior,839.5,16,65,15.598,539.51,10.4,10.4,0,305,182,0,0,227,32,0,0,0,0,158,104,0
fury_2h,Tauren,Warrior,821.72,16,65,15.598,539.51,11.4,11.4,0,305,182,0,0,227,32,0,0,0,0,158,104,0
fury_2h,Undead,Warrior,834.56,16,65,15.598,539.51,10.4,10.4,0,305,182,0,0,227,32,0,0,0,0,158,104,0
fury_2h,Troll,Warrior,826.36,16,65,15.598,539.51,10.4,10.4,0,305,182,0,0,227,32,0,0,0,0,158,104,0
fury_2h,Windshaper,Warrior,826.13,16,65,15.598,539.51,10.4,10.4,0,305,182,0,0,227,32,0,0,0,0,158,104,0
fury_2h,Human,Warrior,835.84,16,65,15.598,539.51,10.4,10.4,0,305,182,0,0,227,32,0,0,0,0,158,104,0
fury_2h,Dwarf,Warrior,829.63,16,65,15.598,539.51,10.4,10.4,0,305,182,0,0,227,32,0,0,0,0,158,104,0
fury_2h,Gnome,Warrior,825.64,16,65,15.598,539.51,10.4,10.4,0,305,182,0,0,227,32,0,0,0,0,158,104,0
fury_2h,Night Elf,Warrior,827.87,16,65,15.598,539.51,10.4,10.4,0,305,182,0,0,227,32,0,0,0,0,158,104,0
fury_2h,High Order,Warrior,826.13,16,65,15.598,539.51,10.4,10.4,0,305,182,0,0,227,32,0,0,0,0,158,104,0
retribution_physical,Undead,Paladin,967.97,16,65,15.6,539.594,16.4,16.4,0,284,130,0,0,229,26,0,0,0,0,179,144,0
retribution_physical,Human,Paladin,959.77,16,65,15.6,539.594,16.4,16.4,0,284,130,0,0,229,26,0,0,0,0,179,144,0
retribution_physical,Dwarf,Paladin,950.79,16,65,15.6,539.594,16.4,16.4,0,284,130,0,0,229,26,0,0,0,0,179,144,0
tank_warrior,Orc,Warrior,373.14,17,65,16.6,539.594,18.8,18.8,0,238,64,9,0,216,56,0,0,6,18,202,188,0
tank_warrior,Tauren,Warrior,376.75,17,65,16.599,539.552,17,17,0,252,103,9,0,216,56,0,0,6,18,188,160,0
tank_warrior,Troll,Warrior,374.31,17,65,16.599,539.552,18,18,0,252,75,0,0,219,56,0,0,0,0,198,180,0
tank_warrior,Undead,Warrior,396.88,17,65,16.599,539.552,16,16,0,262,103,0,0,219,56,0,0,0,0,188,160,0
tank_warrior,Windshaper,Warrior,375.81,17,65,16.6,539.594,17.1,17.1,0,247,88,9,0,216,56,0,0,6,18,193,171,0
tank_warrior,Human,Warrior,376.85,17,65,16.6,539.594,18.8,18.8,0,248,64,0,0,219,56,0,0,0,0,202,188,0
tank_warrior,Dwarf,Warrior,372.37,17,65,16.6,539.594,18.1,18.1,0,252,74,0,0,219,56,0,0,0,0,198,181,0
tank_warrior,Night Elf,Warrior,374.56,17,65,16.6,539.594,17.8,17.8,0,243,78,9,0,216,56,0,0,6,18,197,178,0
tank_warrior,Gnome,Warrior,375.95,17,65,16.6,539.594,16.8,16.8,0,258,92,0,0,219,56,0,0,0,0,192,168,0
tank_warrior,High Order,Warrior,375.81,17,65,16.6,539.594,17.1,17.1,0,247,88,9,0,216,56,0,0,6,18,193,171,0
protection_paladin,Undead,Paladin,613.46,17,65,16.6,539.6,16.4,16.4,0,0,4,99,0,218,50,0,258,6,18,200,144,0
protection_paladin,Human,Paladin,599.08,17,65,16.6,539.6,16.4,16.4,0,0,4,99,0,218,50,0,258,6,18,200,144,0
protection_paladin,Dwarf,Paladin,585.85,17,65,16.6,539.6,16.4,16.4,0,0,4,99,0,218,50,0,258,6,18,200,144,0
feral_tank_druid,Tauren,Druid,543.83,16,65,15.598,539.51,18.2,18.2,0,121,196,0,0,229,71,0,0,0,0,190,172,0
feral_tank_druid,Windshaper,Druid,545.33,16,65,15.598,539.51,16.7,16.7,0,121,193,0,0,229,85,0,0,0,0,186,167,0
feral_tank_druid,Night Elf,Druid,544.4,16,65,15.598,539.51,19.0,19.0,0,121,205,0,0,229,26,0,0,0,0,203,190,0
feral_tank_druid,High Order,Druid,545.33,16,65,15.598,539.51,16.7,16.7,0,121,193,0,0,229,85,0,0,0,0,186,167,0
