build,race,faction,dps,stdev,standard_error,iterations,oom_seconds,spell_hit_adjustment,melee_hit_adjustment,spell_hit_final,melee_hit_final,hit_budget_model,hit_rating_delta,offensive_budget_before,budget_balance,talents
Balance,Tauren,Horde,605.8218450825457,18.653006882656992,0.263793353124922,5000,0,5.1,5.1,16,16,linear-v1,51,512.4285714285713,-6.217248937900877e-15,5232220115501351--505003
Balance,Windshaper,Horde,605.2416215155475,18.39016409989402,0.26007619484336925,5000,0,6.1,6.1,16,16,linear-v1,61,512.4285714285713,-6.217248937900877e-15,5232220115501351--505003
Balance,Night Elf,Alliance,606.1512170674835,18.689435136365297,0.26430852642940056,5000,0,6.1,6.1,16,16,linear-v1,61,512.4285714285713,-6.217248937900877e-15,5232220115501351--505003
Balance,High Order,Alliance,605.2416215155475,18.39016409989402,0.26007619484336925,5000,0,6.1,6.1,16,16,linear-v1,61,512.4285714285713,-6.217248937900877e-15,5232220115501351--505003
Feral,Tauren,Horde,678.3864619318393,14.592100261199281,0.20636346092896005,5000,0,0.09999999999999964,0.09999999999999964,9,9,linear-v1,0.9999999999999964,407,-5.551115123125783e-17,050022-3521002023032213041-053
Feral,Windshaper,Horde,680.0180781249725,14.412366812477826,0.20382164612102036,5000,0,1.0999999999999996,1.0999999999999996,9,9,linear-v1,10.999999999999996,407,4.440892098500626e-16,050022-3521002023032213041-053
Feral,Night Elf,Alliance,679.5516906301094,14.612796792986854,0.20665615408844076,5000,0,2.0999999999999996,2.0999999999999996,9,9,linear-v1,20.999999999999996,421,0,050022-3521002023032213041-053
Feral,High Order,Alliance,680.0180781249725,14.412366812477826,0.20382164612102036,5000,0,1.0999999999999996,1.0999999999999996,9,9,linear-v1,10.999999999999996,407,4.440892098500626e-16,050022-3521002023032213041-053
Elemental,Orc,Horde,510.4422482576427,14.830608823794662,0.20973648136860507,5000,0.1257,4.1,4.1,16,16,linear-v1,41,512.4285714285714,3.552713678800501e-15,5502301500123031-052-05305
Elemental,Tauren,Horde,510.01437971543015,14.820258558116597,0.2095901065076442,5000,0.1256,3.0999999999999996,3.0999999999999996,16,16,linear-v1,30.999999999999996,512.4285714285714,3.552713678800501e-15,5502301500123031-052-05305
Elemental,Troll,Horde,508.19308996704325,14.930175256040224,0.2111445633569928,5000,0.12355181827359997,4.1,4.1,16,16,linear-v1,41,512.4285714285714,3.552713678800501e-15,5502301500123031-052-05305
Elemental,Windshaper,Horde,508.19687560413286,14.825831310783387,0.20966891713165547,5000,0.11251238135239985,4.1,4.1,16,16,linear-v1,41,512.4285714285714,3.552713678800501e-15,5502301500123031-052-05305
Elemental,Dwarf,Alliance,505.91264408373144,14.759637111724258,0.20873278979105703,5000,0.1273,4.1,4.1,16,16,linear-v1,41,512.4285714285714,3.552713678800501e-15,5502301500123031-052-05305
Stormcaller,Orc,Horde,539.8686604191656,15.33716413249991,0.21690025524523557,5000,0.2881,8.1,8.1,16,16,linear-v1,81,514.4285714285714,3.552713678800501e-15,550032150010303-055030031004002
Stormcaller,Tauren,Horde,538.8500594376446,15.381657410416942,0.21752948521588258,5000,0.2798,7.1,7.1,16,16,linear-v1,71,514.4285714285714,3.552713678800501e-15,550032150010303-055030031004002
Stormcaller,Troll,Horde,535.4965177140608,15.16122252066881,0.21441206510886232,5000,0.2762500000069991,8.1,8.1,16,16,linear-v1,81,514.4285714285714,3.552713678800501e-15,550032150010303-055030031004002
Stormcaller,Windshaper,Horde,537.3449047464928,15.144961174581427,0.21418209494707013,5000,0.25329178228599847,8.1,8.1,16,16,linear-v1,81,514.4285714285714,3.552713678800501e-15,550032150010303-055030031004002
Stormcaller,Dwarf,Alliance,535.234485510494,15.28596963962065,0.21617625578374894,5000,0.3072,8.1,8.1,16,16,linear-v1,81,514.4285714285714,3.552713678800501e-15,550032150010303-055030031004002
Enhancement,Orc,Horde,737.666237022716,40.67828161959967,0.5752777756047005,5000,0.049625441193999996,12.1,12.1,16,16,linear-v1,121,499,1.4210854715202004e-14,420033152-053030031005102251
Enhancement,Tauren,Horde,736.8755723498517,39.58109447251936,0.5597612061660763,5000,0.014556777900400001,12,12,16,16,linear-v1,120,536,0,420033152-053030031005102251
Enhancement,Troll,Horde,731.5854600089974,39.48506131575828,0.558403092238786,5000,0.01998277251279999,12.1,12.1,16,16,linear-v1,121,517.8571428571429,1.4210854715202004e-14,420033152-053030031005102251
Enhancement,Windshaper,Horde,737.1281255733701,39.45635542407121,0.5579971296253474,5000,0.02301045104239999,13,13,16,16,linear-v1,130,527,3.552713678800501e-15,420033152-053030031005102251
Enhancement,Dwarf,Alliance,743.194435055679,39.69076782622465,0.5613122216084858,5000,0.021906065258000002,12.1,12.1,16,16,linear-v1,121,531,7.105427357601002e-15,420033152-053030031005102251
Beast Mastery,Orc,Horde,835.0689462242741,18.96461105531412,0.2682001015955596,5000,0.012913030987399998,2.0999999999999996,2.0999999999999996,9,9,linear-v1,20.999999999999996,540.4285714285714,2.220446049250313e-15,5320001505101251-00531510005
Beast Mastery,Tauren,Horde,845.9763941390015,20.56975992996002,0.29090033467708104,5000,0.0028711802953999997,1.0999999999999996,1.0999999999999996,9,9,linear-v1,10.999999999999996,540.4285714285714,1.1102230246251565e-15,5320001505101251-00531510005
Beast Mastery,Troll,Horde,848.1018075610436,20.95233642648643,0.29631078337740935,5000,0.0005687982864,2.0999999999999996,2.0999999999999996,9,9,linear-v1,20.999999999999996,540.4285714285714,2.220446049250313e-15,5320001505101251-00531510005
Beast Mastery,Windshaper,Horde,846.5591026815105,20.69827790165556,0.2927178532628862,5000,0.00047712701639999994,2.0999999999999996,2.0999999999999996,9,9,linear-v1,20.999999999999996,540.4285714285714,2.220446049250313e-15,5320001505101251-00531510005
Beast Mastery,Human,Alliance,837.5650624400744,19.124315865528274,0.2704586686813704,5000,0.008825920864999996,2.0999999999999996,2.0999999999999996,9,9,linear-v1,20.999999999999996,540.4285714285714,2.220446049250313e-15,5320001505101251-00531510005
Beast Mastery,Dwarf,Alliance,843.5740655909107,20.346194221942383,0.2877386381134802,5000,0.0029112958596,2.0999999999999996,2.0999999999999996,9,9,linear-v1,20.999999999999996,540.4285714285714,2.220446049250313e-15,5320001505101251-00531510005
Beast Mastery,Night Elf,Alliance,854.3040048859051,20.700404895500036,0.29274793349830563,5000,0.002129184579,2.0999999999999996,2.0999999999999996,9,9,linear-v1,20.999999999999996,540.4285714285714,2.220446049250313e-15,5320001505101251-00531510005
Beast Mastery,High Order,Alliance,846.5591026815105,20.69827790165556,0.2927178532628862,5000,0.00047712701639999994,2.0999999999999996,2.0999999999999996,9,9,linear-v1,20.999999999999996,540.4285714285714,2.220446049250313e-15,5320001505101251-00531510005
Marksmanship,Orc,Horde,805.5367186852807,26.53132179843198,0.3752095511502744,5000,2.010327022977002,1.0999999999999996,1.0999999999999996,9,9,linear-v1,10.999999999999996,540.4285714285714,1.1102230246251565e-15,5-0050552011523051-50005001
Marksmanship,Tauren,Horde,796.3332001659304,26.341510415903905,0.3725252128356345,5000,1.2342900458762,-0.9000000000000004,-0.9000000000000004,9,9,linear-v1,-9.000000000000004,545.7142857142858,-2.220446049250313e-15,5-0050552011523051-50005001
Marksmanship,Troll,Horde,815.214832828756,28.000795758758777,0.395991051192757,5000,1.4488043700294009,1.0999999999999996,1.0999999999999996,9,9,linear-v1,10.999999999999996,540.4285714285714,1.1102230246251565e-15,5-0050552011523051-50005001
Marksmanship,Windshaper,Horde,814.4629541802321,28.24013956390404,0.39937588374582117,5000,1.400571212283605,1.0999999999999996,1.0999999999999996,9,9,linear-v1,10.999999999999996,540.4285714285714,1.1102230246251565e-15,5-0050552011523051-50005001
Marksmanship,Human,Alliance,810.0724070531479,26.70881956484609,0.3777197486358121,5000,1.5788531492309983,1.0999999999999996,1.0999999999999996,9,9,linear-v1,10.999999999999996,540.4285714285714,1.1102230246251565e-15,5-0050552011523051-50005001
Marksmanship,Dwarf,Alliance,791.0091224491991,25.907874951019046,0.3663926812799732,5000,2.131108057010804,1.0999999999999996,1.0999999999999996,9,9,linear-v1,10.999999999999996,540.4285714285714,1.1102230246251565e-15,5-0050552011523051-50005001
Marksmanship,Night Elf,Alliance,805.9659160392715,26.49495105225179,0.37469519112505784,5000,1.9879924225758008,1.0999999999999996,1.0999999999999996,9,9,linear-v1,10.999999999999996,540.4285714285714,1.1102230246251565e-15,5-0050552011523051-50005001
Marksmanship,High Order,Alliance,814.4629541802321,28.24013956390404,0.39937588374582117,5000,1.400571212283605,1.0999999999999996,1.0999999999999996,9,9,linear-v1,10.999999999999996,540.4285714285714,1.1102230246251565e-15,5-0050552011523051-50005001
Survival,Orc,Horde,853.3267753149635,32.01794392989572,0.4528021054495984,5000,0,0.09999999999999964,0.09999999999999964,9,9,linear-v1,0.9999999999999964,460,2.7755575615628914e-17,502-0050051-230230230250022151
Survival,Tauren,Horde,841.0949846820314,31.551690157268585,0.4462082813620292,5000,0,-0.9000000000000004,-0.9000000000000004,9,9,linear-v1,-9.000000000000004,460,0,502-0050051-230230230250022151
Survival,Troll,Horde,841.7766000987623,31.013436456804627,0.4385962245300929,5000,0,0.09999999999999964,0.09999999999999964,9,9,linear-v1,0.9999999999999964,460,2.7755575615628914e-17,502-0050051-230230230250022151
Survival,Windshaper,Horde,838.9724187278757,30.438233782860202,0.4304616303040381,5000,0,0.09999999999999964,0.09999999999999964,9,9,linear-v1,0.9999999999999964,460,2.7755575615628914e-17,502-0050051-230230230250022151
Survival,Human,Alliance,857.9806976830585,32.17320173496956,0.4549977823855954,5000,0,0.09999999999999964,0.09999999999999964,9,9,linear-v1,0.9999999999999964,465,0,502-0050051-230230230250022151
Survival,Dwarf,Alliance,836.9119703581144,31.35578354803439,0.443437743524654,5000,0,0.09999999999999964,0.09999999999999964,9,9,linear-v1,0.9999999999999964,460,2.7755575615628914e-17,502-0050051-230230230250022151
Survival,Night Elf,Alliance,850.3276828530563,31.91911231452694,0.45140441534114073,5000,0,0.09999999999999964,0.09999999999999964,9,9,linear-v1,0.9999999999999964,465,0,502-0050051-230230230250022151
Survival,High Order,Alliance,838.9724187278757,30.438233782860202,0.4304616303040381,5000,0,0.09999999999999964,0.09999999999999964,9,9,linear-v1,0.9999999999999964,460,2.7755575615628914e-17,502-0050051-230230230250022151
Arcane,Orc,Horde,695.5929351279792,35.72588294691823,0.5052402819128544,5000,0.06365,2.0999999999999996,2.0999999999999996,11,11,linear-v1,20.999999999999996,487.57142857142856,1.7763568394002505e-15,053005023100311531-03-005500032
Arcane,Troll,Horde,695.7834460238839,35.319982900536296,0.49949998840724236,5000,0.07661272728300003,2.0999999999999996,2.0999999999999996,11,11,linear-v1,20.999999999999996,487.57142857142856,1.7763568394002505e-15,053005023100311531-03-005500032
Arcane,Undead,Horde,706.0252695216291,36.06821128683501,0.5100815357238041,5000,0.058,2.0999999999999996,2.0999999999999996,11,11,linear-v1,20.999999999999996,487.57142857142856,1.7763568394002505e-15,053005023100311531-03-005500032
Arcane,Human,Alliance,691.8334106083548,34.933358438947614,0.49403229283600325,5000,0.04065,2.0999999999999996,2.0999999999999996,11,11,linear-v1,20.999999999999996,487.57142857142856,1.7763568394002505e-15,053005023100311531-03-005500032
Arcane,Gnome,Alliance,699.3711004019618,34.79150622389882,0.4920261995722566,5000,0.0236,2.0999999999999996,2.0999999999999996,11,11,linear-v1,20.999999999999996,487.57142857142856,1.7763568394002505e-15,053005023100311531-03-005500032
Arcane,High Order,Alliance,696.0429699639119,35.85460320955483,0.5070606613245834,5000,0.07973910927759995,2.0999999999999996,2.0999999999999996,11,11,linear-v1,20.999999999999996,487.57142857142856,1.7763568394002505e-15,053005023100311531-03-005500032
Fire,Orc,Horde,686.6721611478466,31.824844962713716,0.45007127366690813,5000,3.113930000000002,4.1,4.1,13,13,linear-v1,41,487.57142857142856,-5.329070518200751e-15,0501252000002-23450000130133051-003
Fire,Troll,Horde,683.1774341525462,30.886852519717497,0.4368060573240209,5000,2.676347275488311,4.1,4.1,13,13,linear-v1,41,487.57142857142856,-5.329070518200751e-15,0501252000002-23450000130133051-003
Fire,Undead,Horde,696.0535529207984,31.277103974377983,0.44232504632318775,5000,2.8327500000000017,3.0999999999999996,3.0999999999999996,13,13,linear-v1,30.999999999999996,489.57142857142856,-8.881784197001252e-16,0501252000002-23450000130133051-003
Fire,Human,Alliance,685.5935118847719,31.216648813413656,0.4414700812376757,5000,2.1341900000000016,3.0999999999999996,3.0999999999999996,13,13,linear-v1,30.999999999999996,489.57142857142856,-8.881784197001252e-16,0501252000002-23450000130133051-003
Fire,Gnome,Alliance,687.7829216774679,31.07313807474388,0.439440532907946,5000,1.6288900000000008,4.1,4.1,13,13,linear-v1,41,487.57142857142856,-5.329070518200751e-15,0501252000002-23450000130133051-003
Fire,High Order,Alliance,681.834221634298,28.910443250805045,0.40885540939506204,5000,1.0491514140863951,4.1,4.1,13,13,linear-v1,41,487.57142857142856,-5.329070518200751e-15,0501252000002-23450000130133051-003
Frost,Orc,Horde,680.6701311853706,29.159838177431322,0.41238238627128126,5000,0.19685,2.0999999999999996,2.0999999999999996,11,11,linear-v1,20.999999999999996,487.57142857142856,1.7763568394002505e-15,050005001-03-0555003321001301251
Frost,Troll,Horde,681.9049733953822,28.94768415326865,0.4093820752884525,5000,0.15270272749700006,2.0999999999999996,2.0999999999999996,11,11,linear-v1,20.999999999999996,487.57142857142856,1.7763568394002505e-15,050005001-03-0555003321001301251
Frost,Undead,Horde,685.3537936911184,29.162112657824128,0.41241455228146984,5000,0.1403,2.0999999999999996,2.0999999999999996,11,11,linear-v1,20.999999999999996,487.57142857142856,1.7763568394002505e-15,050005001-03-0555003321001301251
Frost,Human,Alliance,676.8672659505513,28.761338256864928,0.4067467463485853,5000,0.1184,2.0999999999999996,2.0999999999999996,11,11,linear-v1,20.999999999999996,487.57142857142856,1.7763568394002505e-15,050005001-03-0555003321001301251
Frost,Gnome,Alliance,683.3131433423705,29.54384050339678,0.41781299924491294,5000,0.0405,2.0999999999999996,2.0999999999999996,11,11,linear-v1,20.999999999999996,487.57142857142856,1.7763568394002505e-15,050005001-03-0555003321001301251
Frost,High Order,Alliance,683.7450379772719,28.81582445108915,0.4075172974969252,5000,0.16537396353120032,2.0999999999999996,2.0999999999999996,11,11,linear-v1,20.999999999999996,487.57142857142856,1.7763568394002505e-15,050005001-03-0555003321001301251
Retribution,Undead,Horde,1138.410438474375,41.631843286114076,0.588763174018138,5000,0.06020212552759998,8.1,8.1,16,16,linear-v1,81,505,1.4210854715202004e-14,253003-232-052052310012330301
Retribution,Human,Alliance,1134.1916559458307,42.813777203903676,0.6054782437818063,5000,0.21062510965460005,8.1,8.1,16,16,linear-v1,81,482.42857142857144,7.105427357601002e-15,253003-232-052052310012330301
Retribution,Dwarf,Alliance,1144.1806752913526,42.30041360505995,0.5982181861426716,5000,0.06448873291840002,8.1,8.1,16,16,linear-v1,81,505,1.4210854715202004e-14,253003-232-052052310012330301
Shadow,Troll,Horde,803.6132703939861,15.994696813015123,0.22619917159011707,5000,0,2.0999999999999996,2.0999999999999996,11,11,linear-v1,20.999999999999996,479.57142857142856,-1.7763568394002505e-15,305030001303--504020501201302251
Shadow,Undead,Horde,811.7419348362624,16.687301095174504,0.23599407528199184,5000,0,2.0999999999999996,2.0999999999999996,11,11,linear-v1,20.999999999999996,479.57142857142856,-1.7763568394002505e-15,305030001303--504020501201302251
Shadow,Human,Alliance,802.9862979455008,16.137457143653506,0.22821810754769375,5000,0,2.0999999999999996,2.0999999999999996,11,11,linear-v1,20.999999999999996,479.57142857142856,-1.7763568394002505e-15,305030001303--504020501201302251
Shadow,Dwarf,Alliance,802.8798243085108,16.114580080209805,0.22789457701380023,5000,0,2.0999999999999996,2.0999999999999996,11,11,linear-v1,20.999999999999996,479.57142857142856,-1.7763568394002505e-15,305030001303--504020501201302251
Shadow,Night Elf,Alliance,809.0228858914035,16.23606277188699,0.22961260171543485,5000,0,2.0999999999999996,2.0999999999999996,11,11,linear-v1,20.999999999999996,479.57142857142856,-1.7763568394002505e-15,305030001303--504020501201302251
Shadow,Gnome,Alliance,809.2015581707942,16.162199006919735,0.22856801033358856,5000,0,2.0999999999999996,2.0999999999999996,11,11,linear-v1,20.999999999999996,479.57142857142856,-1.7763568394002505e-15,305030001303--504020501201302251
Smite,Troll,Horde,563.1554153484526,10.216741733635468,0.14448654722970486,5000,0,-7.9,-7.9,0,0,linear-v1,-79,467.4285714285714,1.7763568394002505e-15,515030031305001031-00505023002-003
Smite,Undead,Horde,566.4719020030274,10.656319168996616,0.15070311093771402,5000,0.0004,-5.9,-5.9,0,0,linear-v1,-59,471.4285714285714,-2.6645352591003757e-15,515030031305001031-00505023002-003
Smite,Human,Alliance,559.6944250452291,10.146548735701991,0.14349386833309336,5000,0.0003,-5.9,-5.9,0,0,linear-v1,-59,471.4285714285714,-2.6645352591003757e-15,515030031305001031-00505023002-003
Smite,Dwarf,Alliance,559.1972091775312,10.087867773277452,0.14266399420395448,5000,0.0003,-5.9,-5.9,0,0,linear-v1,-59,471.4285714285714,-2.6645352591003757e-15,515030031305001031-00505023002-003
Smite,Night Elf,Alliance,562.0478501876045,10.129483417245464,0.143252528285019,5000,0.0001,-5.9,-5.9,0,0,linear-v1,-59,471.4285714285714,-2.6645352591003757e-15,515030031305001031-00505023002-003
Smite,Gnome,Alliance,563.9327880846961,10.244425495648837,0.144878054746673,5000,0.0001,-5.9,-5.9,0,0,linear-v1,-59,471.4285714285714,-2.6645352591003757e-15,515030031305001031-00505023002-003
Combat,Orc,Horde,606.9612248715706,19.09053154092436,0.2699808861808657,5000,0,7.1,7.1,16,16,linear-v1,71,427,3.552713678800501e-15,005303103012-32003311201515231
Combat,Troll,Horde,606.4792139494807,19.23281890197759,0.2719931333384233,5000,0,7.1,7.1,16,16,linear-v1,71,427,3.552713678800501e-15,005303103012-32003311201515231
Combat,Undead,Horde,624.9636953253122,19.883535885089238,0.2811956611662532,5000,0,7.1,7.1,16,16,linear-v1,71,427,3.552713678800501e-15,005303103012-32003311201515231
Combat,Windshaper,Horde,609.5030802612584,19.219359607150462,0.27180279016557823,5000,0,7.1,7.1,16,16,linear-v1,71,426,3.552713678800501e-15,005303103012-32003311201515231
Combat,Human,Alliance,610.4260297228725,19.586260546053985,0.27699155300402606,5000,0,7.1,7.1,16,16,linear-v1,71,427,3.552713678800501e-15,005303103012-32003311201515231
Combat,Dwarf,Alliance,600.859671576847,18.900058036197,0.267287184044284,5000,0,7.1,7.1,16,16,linear-v1,71,427,3.552713678800501e-15,005303103012-32003311201515231
Combat,Night Elf,Alliance,608.8800498117461,19.03284929605,0.26916513605077125,5000,0,7.1,7.1,16,16,linear-v1,71,427,3.552713678800501e-15,005303103012-32003311201515231
Combat,Gnome,Alliance,608.2913884044523,19.663019401287873,0.278077087145066,5000,0,7.1,7.1,16,16,linear-v1,71,427,3.552713678800501e-15,005303103012-32003311201515231
Combat,High Order,Alliance,609.5030802612584,19.219359607150462,0.27180279016557823,5000,0,7.1,7.1,16,16,linear-v1,71,426,3.552713678800501e-15,005303103012-32003311201515231
Mutilate,Orc,Horde,618.1054236275453,20.221228958930357,0.2859713624157089,5000,0,8.1,8.1,16,16,linear-v1,81,439,-3.552713678800501e-15,0053031035140105-302303202014
Mutilate,Troll,Horde,615.3167824467871,20.28712823323777,0.28690331889046977,5000,0,7.1,7.1,16,16,linear-v1,71,427,3.552713678800501e-15,0053031035140105-302303202014
Mutilate,Undead,Horde,639.7236174082274,21.107408080602983,0.29850382774132195,5000,0,8.1,8.1,16,16,linear-v1,81,436,-7.105427357601002e-15,0053031035140105-302303202014
Mutilate,Windshaper,Horde,620.4238357357888,20.246227475258433,0.28632489482401263,5000,0,7.1,7.1,16,16,linear-v1,71,426,3.552713678800501e-15,0053031035140105-302303202014
Mutilate,Human,Alliance,614.3557258204027,20.308669209831642,0.28720795430292795,5000,0,8.1,8.1,16,16,linear-v1,81,439,-3.552713678800501e-15,0053031035140105-302303202014
Mutilate,Dwarf,Alliance,613.0940831822492,20.083133823355134,0.2840184022794266,5000,0,8.1,8.1,16,16,linear-v1,81,435,-1.0658141036401503e-14,0053031035140105-302303202014
Mutilate,Night Elf,Alliance,623.3805920408244,19.98473392162179,0.28262681752375185,5000,0,7.1,7.1,16,16,linear-v1,71,426,3.552713678800501e-15,0053031035140105-302303202014
Mutilate,Gnome,Alliance,627.0245752558087,20.693024887427796,0.2926435644232438,5000,0,7.1,7.1,16,16,linear-v1,71,426,3.552713678800501e-15,0053031035140105-302303202014
Mutilate,High Order,Alliance,620.4238357357888,20.246227475258433,0.28632489482401263,5000,0,7.1,7.1,16,16,linear-v1,71,426,3.552713678800501e-15,0053031035140105-302303202014
Subtlety,Orc,Horde,556.7490676066421,15.139903413319558,0.21411056740135234,5000,0,10.1,10.1,16,16,linear-v1,101,431,-1.4210854715202004e-14,115303101104--5320003310013211501
Subtlety,Troll,Horde,558.4964415513455,15.495969131255002,0.2191460970753565,5000,0,10.1,10.1,16,16,linear-v1,101,427,-7.105427357601002e-15,115303101104--5320003310013211501
Subtlety,Undead,Horde,579.8332230139467,16.509006299355246,0.23347260609851048,5000,0,10.1,10.1,16,16,linear-v1,101,427,-7.105427357601002e-15,115303101104--5320003310013211501
Subtlety,Windshaper,Horde,556.7291179602967,15.842328093037448,0.2240443524873785,5000,0,10.1,10.1,16,16,linear-v1,101,427,-7.105427357601002e-15,115303101104--5320003310013211501
Subtlety,Human,Alliance,562.8658264407726,15.490203907880376,0.21906456450449144,5000,0,10.1,10.1,16,16,linear-v1,101,427,-7.105427357601002e-15,115303101104--5320003310013211501
Subtlety,Dwarf,Alliance,551.146514447366,15.201123194844484,0.214976345854533,5000,0,10.1,10.1,16,16,linear-v1,101,431,-1.4210854715202004e-14,115303101104--5320003310013211501
Subtlety,Night Elf,Alliance,560.253538337494,15.38031997223208,0.2175105709836839,5000,0,10.1,10.1,16,16,linear-v1,101,431,-1.4210854715202004e-14,115303101104--5320003310013211501
Subtlety,Gnome,Alliance,559.611174104616,15.284492176135169,0.21615536129475815,5000,0,10.1,10.1,16,16,linear-v1,101,431,-1.4210854715202004e-14,115303101104--5320003310013211501
Subtlety,High Order,Alliance,556.7291179602967,15.842328093037448,0.2240443524873785,5000,0,10.1,10.1,16,16,linear-v1,101,427,-7.105427357601002e-15,115303101104--5320003310013211501
Demonic Pact,Orc,Horde,844.7601187109993,27.274841581664493,0.38572450876367564,5000,0,5.1,5.1,16,16,linear-v1,51,493.99999999999994,-8.881784197001252e-15,011-0005003221220311351-0550005003
Demonic Pact,Troll,Horde,840.2254386404278,26.702944021887056,0.37763665591042234,5000,0,6.1,6.1,16,16,linear-v1,61,491.99999999999994,-5.329070518200751e-15,011-0005003221220311351-0550005003
Demonic Pact,Undead,Horde,849.538710637741,27.586966587147923,0.39013862292278007,5000,0,6.1,6.1,16,16,linear-v1,61,491.99999999999994,-5.329070518200751e-15,011-0005003221220311351-0550005003
Demonic Pact,Human,Alliance,836.4837517919098,27.257608896241308,0.38548080178925986,5000,0,5.1,5.1,16,16,linear-v1,51,493.99999999999994,-8.881784197001252e-15,011-0005003221220311351-0550005003
Demonic Pact,Gnome,Alliance,847.4871662527256,27.050800237014197,0.3825560856823081,5000,0,6.1,6.1,16,16,linear-v1,61,491.99999999999994,-5.329070518200751e-15,011-0005003221220311351-0550005003
Affliction,Orc,Horde,804.4318820259887,32.051865724445605,0.4532818320687232,5000,0.0085,2.0999999999999996,2.0999999999999996,16,16,linear-v1,20.999999999999996,491.99999999999994,-1.7763568394002505e-15,2525000013520105--0550015103
Affliction,Troll,Horde,799.6538234477098,32.020585267597866,0.45283945960561023,5000,0.007145454659799999,2.0999999999999996,2.0999999999999996,16,16,linear-v1,20.999999999999996,491.99999999999994,-1.7763568394002505e-15,2525000013520105--0550015103
Affliction,Undead,Horde,805.2593230822208,32.11637355307845,0.45419411053004133,5000,0.0089,2.0999999999999996,2.0999999999999996,16,16,linear-v1,20.999999999999996,491.99999999999994,-1.7763568394002505e-15,2525000013520105--0550015103
Affliction,Human,Alliance,796.1493705067089,31.378991079497,0.4437659475820902,5000,0.0094,2.0999999999999996,2.0999999999999996,16,16,linear-v1,20.999999999999996,491.99999999999994,-1.7763568394002505e-15,2525000013520105--0550015103
Affliction,Gnome,Alliance,809.5761091351138,32.70532942858429,0.4625232043978381,5000,0.0047,2.0999999999999996,2.0999999999999996,16,16,linear-v1,20.999999999999996,491.99999999999994,-1.7763568394002505e-15,2525000013520105--0550015103
DS/Ruin,Orc,Horde,765.8725467013214,34.74761724138263,0.49140551562912504,5000,0.0012,2.0999999999999996,2.0999999999999996,16,16,linear-v1,20.999999999999996,491.99999999999994,-1.7763568394002505e-15,252200001351-0025003001-0550005103
DS/Ruin,Troll,Horde,760.3311616499153,33.9925575018772,0.4807273583890203,5000,0.000809090932,2.0999999999999996,2.0999999999999996,16,16,linear-v1,20.999999999999996,491.99999999999994,-1.7763568394002505e-15,252200001351-0025003001-0550005103
DS/Ruin,Undead,Horde,768.2708064651595,33.7053688304733,0.47666589724842723,5000,0.0009,2.0999999999999996,2.0999999999999996,16,16,linear-v1,20.999999999999996,491.99999999999994,-1.7763568394002505e-15,252200001351-0025003001-0550005103
DS/Ruin,Human,Alliance,756.8732328184659,34.236269333592425,0.4841739641662449,5000,0.0015,2.0999999999999996,2.0999999999999996,16,16,linear-v1,20.999999999999996,491.99999999999994,-1.7763568394002505e-15,252200001351-0025003001-0550005103
DS/Ruin,Gnome,Alliance,770.837683606267,34.72996662608114,0.4911558982336891,5000,0.0003,2.0999999999999996,2.0999999999999996,16,16,linear-v1,20.999999999999996,491.99999999999994,-1.7763568394002505e-15,252200001351-0025003001-0550005103
Destruction,Orc,Horde,790.0133223471128,21.865832098864725,0.3092295630678745,5000,0.0012,2.0999999999999996,2.0999999999999996,16,16,linear-v1,20.999999999999996,487.57142857142856,1.7763568394002505e-15,2521000003-0005-0050355103101351
Destruction,Troll,Horde,785.094038129864,21.557584752688086,0.30487028729258936,5000,0.0007090909224,2.0999999999999996,2.0999999999999996,16,16,linear-v1,20.999999999999996,487.57142857142856,1.7763568394002505e-15,2521000003-0005-0050355103101351
Destruction,Undead,Horde,795.2015851701536,21.920008752668426,0.30999573665360636,5000,0.0008,2.0999999999999996,2.0999999999999996,16,16,linear-v1,20.999999999999996,487.57142857142856,1.7763568394002505e-15,2521000003-0005-0050355103101351
Destruction,Human,Alliance,783.030612349158,21.684114653462665,0.30665969030980067,5000,0.0011,2.0999999999999996,2.0999999999999996,16,16,linear-v1,20.999999999999996,487.57142857142856,1.7763568394002505e-15,2521000003-0005-0050355103101351
Destruction,Gnome,Alliance,791.032513555173,22.2516622497328,0.3146860253891754,5000,0.0003,2.0999999999999996,2.0999999999999996,16,16,linear-v1,20.999999999999996,487.57142857142856,1.7763568394002505e-15,2521000003-0005-0050355103101351
Fury,Orc,Horde,791.7678811032207,33.551994536392655,0.4744968571803448,5000,0,2.0999999999999996,2.0999999999999996,9,9,linear-v1,20.999999999999996,456,1.3322676295501878e-15,20305113002-050520035151010051
Fury,Tauren,Horde,778.4807722205467,32.96306131599894,0.46616808370421625,5000,0,0.09999999999999964,0.09999999999999964,9,9,linear-v1,0.9999999999999964,445,2.7755575615628914e-17,20305113002-050520035151010051
Fury,Troll,Horde,774.7958675812739,32.97289133386531,0.4663071011500662,5000,0,1.0999999999999996,1.0999999999999996,9,9,linear-v1,10.999999999999996,439,1.3322676295501878e-15,20305113002-050520035151010051
Fury,Undead,Horde,799.6975249500626,32.99939292670933,0.4666818902703112,5000,0,2.0999999999999996,2.0999999999999996,9,9,linear-v1,20.999999999999996,456,1.3322676295501878e-15,20305113002-050520035151010051
Fury,Windshaper,Horde,780.5584762306206,31.590713975893543,0.44676016149757924,5000,0,1.0999999999999996,1.0999999999999996,9,9,linear-v1,10.999999999999996,437,-8.881784197001252e-16,20305113002-050520035151010051
Fury,Human,Alliance,780.8796864551657,33.15581652748021,0.46889405404716533,5000,0,2.0999999999999996,2.0999999999999996,9,9,linear-v1,20.999999999999996,456,1.3322676295501878e-15,20305113002-050520035151010051
Fury,Dwarf,Alliance,778.9346356266145,33.09641336685731,0.468053966493158,5000,0,2.0999999999999996,2.0999999999999996,9,9,linear-v1,20.999999999999996,454,-8.881784197001252e-16,20305113002-050520035151010051
Fury,Night Elf,Alliance,770.6369143810574,33.22128886356907,0.46981997270373643,5000,0,1.0999999999999996,1.0999999999999996,9,9,linear-v1,10.999999999999996,437,-8.881784197001252e-16,20305113002-050520035151010051
Fury,Gnome,Alliance,778.388732418272,31.918012876697354,0.45138886694224484,5000,0,2.0999999999999996,2.0999999999999996,9,9,linear-v1,20.999999999999996,454,-8.881784197001252e-16,20305113002-050520035151010051
Fury,High Order,Alliance,780.5584762306206,31.590713975893543,0.44676016149757924,5000,0,1.0999999999999996,1.0999999999999996,9,9,linear-v1,10.999999999999996,437,-8.881784197001252e-16,20305113002-050520035151010051
Arms,Orc,Horde,735.6429614815746,34.92989975221673,0.49398337961917504,5000,0,2.0999999999999996,2.0999999999999996,9,9,linear-v1,20.999999999999996,441,1.3322676295501878e-15,20305213132515001-550500000002
Arms,Tauren,Horde,732.6197152157085,34.582613264832744,0.48907200701430165,5000,0,1.0999999999999996,1.0999999999999996,9,9,linear-v1,10.999999999999996,439,8.881784197001252e-16,20305213132515001-550500000002
Arms,Troll,Horde,730.474965815055,33.53552090484798,0.4742638848488246,5000,0,2.0999999999999996,2.0999999999999996,9,9,linear-v1,20.999999999999996,439,-8.881784197001252e-16,20305213132515001-550500000002
Arms,Undead,Horde,739.0816297104394,35.21349563498222,0.4979940310555764,5000,0,1.0999999999999996,1.0999999999999996,9,9,linear-v1,10.999999999999996,430,-1.3322676295501878e-15,20305213132515001-550500000002
Arms,Windshaper,Horde,732.1776374937616,35.11923960679459,0.4966610495215926,5000,0,2.0999999999999996,2.0999999999999996,9,9,linear-v1,20.999999999999996,439,-8.881784197001252e-16,20305213132515001-550500000002
Arms,Human,Alliance,738.4814497979468,34.678864996437696,0.49043321205667784,5000,0,2.0999999999999996,2.0999999999999996,9,9,linear-v1,20.999999999999996,439,-8.881784197001252e-16,20305213132515001-550500000002
Arms,Dwarf,Alliance,728.1607772054573,34.587760346015195,0.4891447977344502,5000,0,2.0999999999999996,2.0999999999999996,9,9,linear-v1,20.999999999999996,441,1.3322676295501878e-15,20305213132515001-550500000002
Arms,Night Elf,Alliance,734.0139420772546,34.803302130525864,0.4921930188835811,5000,0,2.0999999999999996,2.0999999999999996,9,9,linear-v1,20.999999999999996,439,-8.881784197001252e-16,20305213132515001-550500000002
Arms,Gnome,Alliance,732.4231814738274,34.27535931860299,0.4847267800357939,5000,0,2.0999999999999996,2.0999999999999996,9,9,linear-v1,20.999999999999996,439,-8.881784197001252e-16,20305213132515001-550500000002
Arms,High Order,Alliance,732.1776374937616,35.11923960679459,0.4966610495215926,5000,0,2.0999999999999996,2.0999999999999996,9,9,linear-v1,20.999999999999996,439,-8.881784197001252e-16,20305213132515001-550500000002
Pet/Melee,Tauren,Horde,861.8365799818496,29.7541042886118,0.42078657821218274,5000,0,-0.9000000000000004,-0.9000000000000004,9,9,linear-v1,-9.000000000000004,460,0,53200005001-005005-5302002300502201
Pet/Melee,Windshaper,Horde,865.8711694153162,30.183222734116967,0.4268552294671614,5000,0,0.09999999999999964,0.09999999999999964,9,9,linear-v1,0.9999999999999964,460,2.7755575615628914e-17,53200005001-005005-5302002300502201
Pet/Melee,Orc,Horde,876.2475672547538,30.830750329304095,0.43601265253840615,5000,0,0.09999999999999964,0.09999999999999964,9,9,linear-v1,0.9999999999999964,460,2.7755575615628914e-17,53200005001-005005-5302002300502201
Pet/Melee,Human,Alliance,882.0926530529683,30.980565290031358,0.438131356031475,5000,0,0.09999999999999964,0.09999999999999964,9,9,linear-v1,0.9999999999999964,465,0,53200005001-005005-5302002300502201
Pet/Melee,Night Elf,Alliance,874.7723504945287,30.751643078904603,0.4348939070744361,5000,0,0.09999999999999964,0.09999999999999964,9,9,linear-v1,0.9999999999999964,465,0,53200005001-005005-5302002300502201
Pet/Melee,Dwarf,Alliance,857.8747461801587,29.540739875556696,0.41776914974547974,5000,0,0.09999999999999964,0.09999999999999964,9,9,linear-v1,0.9999999999999964,460,2.7755575615628914e-17,53200005001-005005-5302002300502201
Pet/Melee,Troll,Horde,864.816362171459,30.278012236041498,0.42819575545908406,5000,0,0.09999999999999964,0.09999999999999964,9,9,linear-v1,0.9999999999999964,460,2.7755575615628914e-17,53200005001-005005-5302002300502201
Pet/Melee,High Order,Alliance,865.8711694153162,30.183222734116967,0.4268552294671614,5000,0,0.09999999999999964,0.09999999999999964,9,9,linear-v1,0.9999999999999964,460,2.7755575615628914e-17,53200005001-005005-5302002300502201
Arcane–Frost,Orc,Horde,711.3240521109238,26.390481115454293,0.37321776311026506,5000,0,2.0999999999999996,2.0999999999999996,11,11,linear-v1,20.999999999999996,487.57142857142856,1.7763568394002505e-15,05020500310031053--05550002010003002
Arcane–Frost,Troll,Horde,711.9295533365892,26.239845507785894,0.37108745391685544,5000,0,2.0999999999999996,2.0999999999999996,11,11,linear-v1,20.999999999999996,487.57142857142856,1.7763568394002505e-15,05020500310031053--05550002010003002
Arcane–Frost,Undead,Horde,719.1124690728759,26.722841041683303,0.37791804226288894,5000,0,2.0999999999999996,2.0999999999999996,11,11,linear-v1,20.999999999999996,487.57142857142856,1.7763568394002505e-15,05020500310031053--05550002010003002
Arcane–Frost,Human,Alliance,706.7507006363481,26.335802848534012,0.3724444956438079,5000,0,2.0999999999999996,2.0999999999999996,11,11,linear-v1,20.999999999999996,487.57142857142856,1.7763568394002505e-15,05020500310031053--05550002010003002
Arcane–Frost,Gnome,Alliance,712.0158374081527,26.73219005900357,0.3780502573337808,5000,0,2.0999999999999996,2.0999999999999996,11,11,linear-v1,20.999999999999996,487.57142857142856,1.7763568394002505e-15,05020500310031053--05550002010003002
Arcane–Frost,High Order,Alliance,713.4467297195541,26.43593331238008,0.37386055424358605,5000,0,2.0999999999999996,2.0999999999999996,11,11,linear-v1,20.999999999999996,487.57142857142856,1.7763568394002505e-15,05020500310031053--05550002010003002
2H Bloodthirst,Orc,Horde,746.8019805548622,34.9049088518254,0.4936299549164817,5000,0,-0.9000000000000004,-0.9000000000000004,6,9,linear-v1,-9.000000000000004,441,-4.440892098500626e-16,30304203032-050500320051310051
2H Bloodthirst,Tauren,Horde,735.4965024734895,34.45674428211775,0.4872919507899251,5000,0,-1.9000000000000004,-1.9000000000000004,6,9,linear-v1,-19.000000000000004,439,-8.881784197001252e-16,30304203032-050500320051310051
2H Bloodthirst,Undead,Horde,740.4557085900435,33.900774672080665,0.4794293531621079,5000,0,-1.9000000000000004,-1.9000000000000004,6,9,linear-v1,-19.000000000000004,430,-4.440892098500626e-16,30304203032-050500320051310051
2H Bloodthirst,Troll,Horde,736.2176080886135,33.251050107653136,0.47024086025390427,5000,0,-0.9000000000000004,-0.9000000000000004,6,9,linear-v1,-9.000000000000004,439,0,30304203032-050500320051310051
2H Bloodthirst,Windshaper,Horde,728.5503586088209,33.718987182698974,0.47685848983257445,5000,0,-0.9000000000000004,-0.9000000000000004,6,9,linear-v1,-9.000000000000004,439,0,30304203032-050500320051310051
2H Bloodthirst,Human,Alliance,741.711696972703,34.2075915312369,0.4837683987959425,5000,0,-0.9000000000000004,-0.9000000000000004,6,9,linear-v1,-9.000000000000004,439,0,30304203032-050500320051310051
2H Bloodthirst,Dwarf,Alliance,737.4747125179151,34.6585880992797,0.49014645342704094,5000,0,-0.9000000000000004,-0.9000000000000004,6,9,linear-v1,-9.000000000000004,441,-4.440892098500626e-16,30304203032-050500320051310051
2H Bloodthirst,Gnome,Alliance,736.3224786120439,33.67629088344203,0.47625467297785135,5000,0,-0.9000000000000004,-0.9000000000000004,6,9,linear-v1,-9.000000000000004,439,0,30304203032-050500320051310051
2H Bloodthirst,Night Elf,Alliance,733.9245258453028,34.00047652614341,0.48083935030420066,5000,0,-0.9000000000000004,-0.9000000000000004,6,9,linear-v1,-9.000000000000004,439,0,30304203032-050500320051310051
2H Bloodthirst,High Order,Alliance,728.5503586088209,33.718987182698974,0.47685848983257445,5000,0,-0.9000000000000004,-0.9000000000000004,6,9,linear-v1,-9.000000000000004,439,0,30304203032-050500320051310051
Physical Ret,Undead,Horde,869.3251012550343,38.65949170805526,0.5467277748798196,5000,0.017393120679800003,6.1,6.1,16,16,linear-v1,61,414,0,250003003-232-052253310012330001
Physical Ret,Human,Alliance,878.3553429918146,39.92772822155105,0.5646633476566447,5000,0.0063031330288,7.1,7.1,16,16,linear-v1,71,423,0,250003003-232-052253310012330001
Physical Ret,Dwarf,Alliance,874.6382838889679,39.121266091396414,0.5532582508365949,5000,0.0033757822296,7.1,7.1,16,16,linear-v1,71,425,-5.329070518200751e-15,250003003-232-052253310012330001
