build,race,workload,dps,tps,dtps,tmi,death_probability,least_target_tps
feral_tank_druid,High Order,Single,609.4816510906801,1849.0298343563652,715.3577393780424,77.59770276600669,0.0044,1849.029834356365
feral_tank_druid,High Order,Multi,763.3643109502281,2219.0006743215035,1032.521466458024,90.29578830222216,0.0005,328.0352495676092
feral_tank_druid,Night Elf,Single,611.4447556258806,1858.789599129259,701.972874617875,77.25819299750535,0.0041,1858.7895991292548
feral_tank_druid,Night Elf,Multi,778.9668525259145,2278.5178990496274,1014.437351333472,89.38557869579057,0.0004,342.6722555092349
feral_tank_druid,Tauren,Single,606.2278369733942,1846.649800428057,717.0579528101839,72.79697021617903,0.0016,1846.649800428058
feral_tank_druid,Tauren,Multi,762.5813671310157,2220.7800346007934,1034.5881897767008,85.23364340898537,0.0,329.4650151893374
feral_tank_druid,Windshaper,Single,609.4816510906801,1849.0298343563652,715.3577393780424,77.59770276600669,0.0044,1849.029834356365
feral_tank_druid,Windshaper,Multi,763.3643109502281,2219.0006743215035,1032.521466458024,90.29578830222216,0.0005,328.0352495676092
protection_paladin,Dwarf,Single,534.2289237541,817.8814447645796,697.3196610628108,74.86590569435282,0.0013,817.8814447645805
protection_paladin,Dwarf,Multi,818.2130199219308,1331.1759606240323,993.7129038198678,89.15384127731409,0.0005,240.11038811514743
protection_paladin,Human,Single,543.2799411844393,830.1862166099704,694.9644238328513,75.1894456828749,0.002,830.1862166099697
protection_paladin,Human,Multi,830.2715040897845,1347.8025172499629,989.9866928490717,89.32509890049161,0.001,241.81985571989117
protection_paladin,Undead,Single,563.658119080067,847.2569682578617,695.7308652497231,75.11320040233227,0.0015999999999999999,847.256968257861
protection_paladin,Undead,Multi,856.4276508011689,1369.3729417639354,995.8982344860046,89.50200941182403,0.0004,243.041559497526
tank_warrior,Dwarf,Single,365.8750961177019,842.1007881361709,495.18827841652455,50.31245933968536,0.0,842.1007881361704
tank_warrior,Dwarf,Multi,459.36476299650917,1087.5784277690295,767.8843411259136,70.6605811388358,0.0,61.67607116369098
tank_warrior,Gnome,Single,368.48972271091156,810.5287608592025,483.9349699215553,49.9605033040207,0.0,810.5287608592034
tank_warrior,Gnome,Multi,463.7770815115854,1051.4843444906433,751.0655540718269,70.00444290599873,0.0,60.31916703169138
tank_warrior,High Order,Single,366.5594672711865,807.8286433623563,493.65082529123157,50.74246283469086,0.0,807.8286433623559
tank_warrior,High Order,Multi,459.665907557519,1044.5785825211642,764.1134464283175,71.10421756986182,0.0,60.30910061281726
tank_warrior,Human,Single,370.6514193283755,814.5872935169173,497.569574908767,50.762170554020926,0.0,814.5872935169186
tank_warrior,Human,Multi,465.2281820311806,1052.748498893796,771.8657098803659,71.24948939245519,0.0,60.16787856203415
tank_warrior,Night Elf,Single,365.04454830626844,805.4134336750801,482.8888628413273,50.245842543773044,0.0,805.4134336750797
tank_warrior,Night Elf,Multi,459.8361065574326,1045.9414348338082,749.2060697337773,70.23326407117835,0.0,60.768306348978385
tank_warrior,Orc,Single,365.792257028167,842.9865303616359,502.5970146273296,51.177917345532464,0.0,842.9865303616357
tank_warrior,Orc,Multi,458.31670464965555,1085.3166900876558,778.7787090121849,71.91577489304963,0.0,61.91425646542299
tank_warrior,Tauren,Single,367.76021349204836,844.5684627751853,482.66491727671576,46.98059237184185,0.0,844.5684627751867
tank_warrior,Tauren,Multi,461.5968814126114,1091.7772641067563,752.9548739803765,66.29479341586304,0.0,62.31711398709493
tank_warrior,Troll,Single,364.8657361822251,840.74793120176,497.1154832960784,50.637850813354596,0.0,840.7479312017578
tank_warrior,Troll,Multi,458.3633120899849,1085.7753093686606,770.718918556389,71.05631611272746,0.0,61.65654920772079
tank_warrior,Undead,Single,379.69949646961004,826.4894915344955,486.557397466712,50.252272929081855,0.0,826.4894915344942
tank_warrior,Undead,Multi,485.5149682938529,1082.2517457143072,754.8859760447873,70.3307011455785,0.0,64.78506525882992
tank_warrior,Windshaper,Single,366.5594672711865,807.8286433623563,493.65082529123157,50.74246283469086,0.0,807.8286433623559
tank_warrior,Windshaper,Multi,459.665907557519,1044.5785825211642,764.1134464283175,71.10421756986182,0.0,60.30910061281726
